1.0,1434.0,383.0,0.5,0.906,0.922,0.899,1.0,0.6558,0.1957,0.0,0.7921,2.0
1.0,1435.0,383.0,0.5,0.907,0.938,0.89,1.0,0.6558,0.1957,0.0,0.7921,2.0
1.0,1436.0,383.0,0.5,0.907,0.938,0.876,1.0,0.6558,0.1957,0.0,0.7921,2.0
1.0,1437.0,383.0,0.72,1.207,1.248,1.179,1.0,0.6558,0.1957,0.0,0.7921,2.0
1.0,1438.0,383.0,0.5,0.908,0.854,0.9,1.0,0.6558,0.1957,0.0,0.7921,2.0
1.0,1439.0,383.0,0.73,1.221,1.248,1.245,1.0,0.6558,0.1957,0.0,0.7921,2.0
1.0,1440.0,383.0,0.56,0.99,0.925,1.001,1.0,0.6558,0.1957,0.0,0.7921,2.0
1.0,1441.0,383.0,0.52,0.936,0.926,0.975,1.0,0.6558,0.1957,0.0,0.7921,2.0
1.0,1442.0,383.0,0.75,1.25,1.27,1.261,1.0,0.6558,0.1957,0.0,0.7921,2.0
1.0,1443.0,383.0,0.66,1.127,1.061,1.158,1.0,0.6558,0.1957,0.0,0.7921,2.0
1.0,1444.0,383.0,0.64,1.1,1.056,1.17,1.0,0.6558,0.1957,0.0,0.7921,2.0
1.0,1445.0,383.0,0.63,1.087,1.046,1.144,1.0,0.6558,0.1957,0.0,0.7921,2.0
1.0,1446.0,383.0,0.85,1.388,1.362,1.453,1.0,0.6558,0.1957,0.0,0.7921,2.0
1.0,1447.0,383.0,0.78,1.293,1.18,1.386,1.0,0.6558,0.1957,0.0,0.7921,2.0
1.0,1448.0,383.0,0.5,0.911,0.798,1.039,1.0,0.6558,0.1957,0.0,0.7921,2.0
1.0,1449.0,383.0,0.63,1.089,1.087,1.179,1.0,0.6558,0.1957,0.0,0.7921,2.0
1.0,1450.0,383.0,0.56,0.993,0.958,1.036,1.0,0.6558,0.1957,0.0,0.7921,2.0
1.0,1451.0,383.0,0.45,0.843,0.835,0.886,1.0,0.6558,0.1957,0.0,0.7921,2.0
1.0,1452.0,383.0,0.62,1.076,1.122,1.085,1.0,0.6558,0.1957,0.0,0.7921,2.0
1.0,1453.0,383.0,0.5,0.912,0.895,0.906,1.0,0.6558,0.1957,0.0,0.7921,2.0
1.0,1454.0,383.0,0.5,0.912,0.937,0.917,1.0,0.6558,0.1957,0.0,0.7921,2.0
1.0,1455.0,383.0,0.54,0.968,0.995,0.945,1.0,0.6558,0.1957,0.0,0.7921,2.0
1.0,1456.0,383.0,0.5,0.913,0.927,0.889,1.0,0.6558,0.1957,0.0,0.7921,2.0
1.0,1457.0,383.0,0.48,0.886,0.913,0.86,1.0,0.6558,0.1957,0.0,0.7921,2.0
1.0,1458.0,383.0,0.0,0.227,0.243,0.167,1.0,0.6558,0.1957,0.0,0.7921,2.0
2.0,1459.0,461.0,0.425,0.726,0.897,0.544,1.0,0.6558,0.1957,0.0,0.7921,2.0
2.0,1460.0,461.0,0.5,0.848,0.966,0.624,1.0,0.6558,0.1957,0.0,0.7921,2.0
2.0,1461.0,461.0,0.54,0.918,1.02,0.784,1.0,0.6558,0.1957,0.0,0.7921,2.0
2.0,1462.0,461.0,0.69,1.157,1.234,1.075,1.0,0.6558,0.1957,0.0,0.7921,2.0
2.0,1463.0,461.0,0.635,1.069,1.045,1.032,1.0,0.6558,0.1957,0.0,0.7921,2.0
2.0,1464.0,461.0,0.615,1.043,1.026,1.054,1.0,0.6558,0.1957,0.0,0.7921,2.0
2.0,1465.0,461.0,0.645,1.087,1.081,1.109,1.0,0.6558,0.1957,0.0,0.7921,2.0
2.0,1466.0,461.0,0.72,1.209,1.184,1.238,1.0,0.6558,0.1957,0.0,0.7921,2.0
2.0,1467.0,461.0,0.635,1.078,1.005,1.12,1.0,0.6558,0.1957,0.0,0.7921,2.0
2.0,1468.0,461.0,0.595,1.016,0.984,1.079,1.0,0.6558,0.1957,0.0,0.7921,2.0
2.0,1469.0,461.0,0.69,1.162,1.161,1.216,1.0,0.6558,0.1957,0.0,0.7921,2.0
2.0,1470.0,461.0,0.62,1.051,0.989,1.089,1.0,0.6558,0.1957,0.0,0.7921,2.0
2.0,1471.0,461.0,0.585,0.996,0.964,1.042,1.0,0.6558,0.1957,0.0,0.7921,2.0
2.0,1472.0,461.0,0.19,0.35,0.328,0.362,1.0,0.6558,0.1957,0.0,0.7921,2.0
2.0,1473.0,461.0,0.495,0.857,1.068,0.828,1.0,0.6558,0.1957,0.0,0.7921,2.0
2.0,1474.0,461.0,0.56,0.96,1.058,0.865,1.0,0.6558,0.1957,0.0,0.7921,2.0
2.0,1475.0,461.0,0.555,0.952,1.001,0.915,1.0,0.6558,0.1957,0.0,0.7921,2.0
2.0,1476.0,461.0,0.525,0.906,0.934,0.874,1.0,0.6558,0.1957,0.0,0.7921,2.0
2.0,1477.0,461.0,0.6,1.025,1.063,0.998,1.0,0.6558,0.1957,0.0,0.7921,2.0
2.0,1478.0,461.0,0.565,0.972,0.959,0.934,1.0,0.6558,0.1957,0.0,0.7921,2.0
2.0,1479.0,461.0,0.64,1.095,1.101,1.075,1.0,0.6558,0.1957,0.0,0.7921,2.0
2.0,1480.0,461.0,0.59,1.015,0.971,0.988,1.0,0.6558,0.1957,0.0,0.7921,2.0
2.0,1481.0,461.0,0.585,1.011,0.989,0.999,1.0,0.6558,0.1957,0.0,0.7921,2.0
2.0,1482.0,461.0,0.665,1.149,1.137,1.135,1.0,0.6558,0.1957,0.0,0.7921,2.0
2.0,1483.0,461.0,0.49,0.861,0.81,0.863,1.0,0.6558,0.1957,0.0,0.7921,2.0
2.0,1484.0,461.0,0.47,0.828,0.872,0.846,1.0,0.6558,0.1957,0.0,0.7921,2.0
2.0,1485.0,461.0,0.56,0.975,1.045,0.958,1.0,0.6558,0.1957,0.0,0.7921,2.0
2.0,1486.0,461.0,0.54,0.944,0.964,0.917,1.0,0.6558,0.1957,0.0,0.7921,2.0
2.0,1487.0,461.0,0.595,1.035,1.063,1.023,1.0,0.6558,0.1957,0.0,0.7921,2.0
2.0,1488.0,461.0,0.485,0.858,0.842,0.835,1.0,0.6558,0.1957,0.0,0.7921,2.0
2.0,1489.0,461.0,0.645,1.119,1.175,1.115,1.0,0.6558,0.1957,0.0,0.7921,2.0
2.0,1490.0,461.0,0.6,1.046,1.001,1.014,1.0,0.6558,0.1957,0.0,0.7921,2.0
2.0,1491.0,461.0,0.47,0.836,0.798,0.827,1.0,0.6558,0.1957,0.0,0.7921,2.0
2.0,1492.0,461.0,0.615,1.073,1.126,1.062,1.0,0.6558,0.1957,0.0,0.7921,2.0
2.0,1493.0,461.0,0.53,0.934,0.899,0.89,1.0,0.6558,0.1957,0.0,0.7921,2.0
2.0,1494.0,461.0,0.61,1.068,1.08,1.05,1.0,0.6558,0.1957,0.0,0.7921,2.0
2.0,1495.0,461.0,0.585,1.029,0.989,0.988,1.0,0.6558,0.1957,0.0,0.7921,2.0
2.0,1496.0,461.0,0.53,0.94,0.912,0.917,1.0,0.6558,0.1957,0.0,0.7921,2.0
2.0,1497.0,461.0,0.6,1.059,1.071,1.037,1.0,0.6558,0.1957,0.0,0.7921,2.0
2.0,1498.0,461.0,0.67,1.177,1.157,1.156,1.0,0.6558,0.1957,0.0,0.7921,2.0
2.0,1499.0,461.0,0.66,1.159,1.09,1.159,1.0,0.6558,0.1957,0.0,0.7921,2.0
2.0,1500.0,461.0,0.635,1.121,1.035,1.129,1.0,0.6558,0.1957,0.0,0.7921,2.0
2.0,1501.0,461.0,0.635,1.123,1.056,1.138,1.0,0.6558,0.1957,0.0,0.7921,2.0
2.0,1502.0,461.0,0.32,0.597,0.524,0.604,1.0,0.6558,0.1957,0.0,0.7921,2.0
2.0,1503.0,461.0,0.425,0.775,0.914,0.787,1.0,0.646,0.1957,0.0,0.7849,2.0
2.0,1504.0,461.0,0.47,0.851,0.97,0.808,1.0,0.646,0.1957,0.0,0.7849,2.0
2.0,1505.0,461.0,0.455,0.827,0.927,0.81,1.0,0.646,0.1957,0.0,0.7849,2.0
2.0,1506.0,461.0,0.54,0.971,1.076,0.965,1.0,0.646,0.1957,0.0,0.7849,2.0
2.0,1507.0,461.0,0.685,1.217,1.272,1.221,1.0,0.646,0.1957,0.0,0.7849,2.0
2.0,1508.0,461.0,0.665,1.183,1.132,1.212,1.0,0.646,0.1957,0.0,0.7849,2.0
2.0,1509.0,461.0,0.685,1.219,1.148,1.275,1.0,0.646,0.1957,0.0,0.7849,2.0
2.0,1510.0,461.0,0.83,1.465,1.377,1.527,1.0,0.646,0.1957,0.0,0.7849,2.0
2.0,1511.0,461.0,0.73,1.297,1.101,1.362,1.0,0.646,0.1957,0.0,0.7849,2.0
2.0,1512.0,461.0,0.83,1.468,1.317,1.563,1.0,0.646,0.1957,0.0,0.7849,2.0
2.0,1513.0,461.0,0.825,1.461,1.247,1.539,1.0,0.646,0.1957,0.0,0.7849,2.0
2.0,1514.0,461.0,0.59,1.062,0.834,1.156,1.0,0.646,0.1957,0.0,0.7849,2.0
2.0,1515.0,461.0,0.655,1.174,1.085,1.254,1.0,0.646,0.1957,0.0,0.7849,2.0
2.0,1516.0,461.0,0.61,1.098,0.991,1.122,1.0,0.646,0.1957,0.0,0.7849,2.0
2.0,1517.0,461.0,0.71,1.27,1.203,1.301,1.0,0.646,0.1957,0.0,0.7849,2.0
2.0,1518.0,461.0,0.44,0.811,0.677,0.819,1.0,0.646,0.1957,0.0,0.7849,2.0
2.0,1519.0,461.0,0.48,0.88,0.929,0.918,1.0,0.646,0.1957,0.0,0.7849,2.0
2.0,1520.0,461.0,0.185,0.374,0.41,0.342,1.0,0.646,0.1957,0.0,0.7849,2.0
2.0,1521.0,461.0,0.445,0.821,1.039,0.766,1.0,0.646,0.1957,0.0,0.7849,2.0
2.0,1522.0,461.0,0.51,0.934,1.037,0.816,1.0,0.646,0.1957,0.0,0.7849,2.0
2.0,1523.0,461.0,0.495,0.909,0.96,0.842,1.0,0.646,0.1957,0.0,0.7849,2.0
2.0,1524.0,461.0,0.445,0.824,0.873,0.775,1.0,0.646,0.1957,0.0,0.7849,2.0
2.0,1525.0,461.0,0.435,0.807,0.882,0.763,1.0,0.646,0.1957,0.0,0.7849,2.0
2.0,1526.0,461.0,0.46,0.851,0.938,0.801,1.0,0.646,0.1957,0.0,0.7849,2.0
2.0,1527.0,461.0,0.595,1.085,1.159,1.035,1.0,0.646,0.1957,0.0,0.7849,2.0
2.0,1528.0,461.0,0.44,0.818,0.788,0.763,1.0,0.553,0.1957,0.0,0.7122,2.0
2.0,1529.0,461.0,0.4,0.75,0.808,0.722,1.0,0.553,0.1957,0.0,0.7122,2.0
2.0,1530.0,461.0,0.615,1.123,1.229,1.074,1.0,0.553,0.1957,0.0,0.7122,2.0
2.0,1531.0,461.0,0.655,1.193,1.164,1.138,1.0,0.553,0.1957,0.0,0.7122,2.0
2.0,1532.0,461.0,0.615,1.125,1.044,1.114,1.0,0.553,0.1957,0.0,0.7122,2.0
2.0,1533.0,461.0,0.525,0.97,0.896,0.969,1.0,0.553,0.1957,0.0,0.7122,2.0
2.0,1534.0,461.0,0.46,0.858,0.841,0.852,1.0,0.553,0.1957,0.0,0.7122,2.0
2.0,1535.0,461.0,0.495,0.919,0.96,0.897,1.0,0.553,0.1957,0.0,0.7122,2.0
2.0,1536.0,461.0,0.405,0.763,0.8,0.731,1.0,0.553,0.1957,0.0,0.7122,2.0
2.0,1537.0,461.0,0.45,0.842,0.943,0.818,1.0,0.553,0.1957,0.0,0.7122,2.0
2.0,1538.0,461.0,0.445,0.834,0.913,0.789,1.0,0.553,0.1957,0.0,0.7122,2.0
2.0,1539.0,461.0,0.38,0.722,0.8,0.683,1.0,0.553,0.1957,0.0,0.7122,2.0
2.0,1540.0,461.0,0.47,0.879,1.001,0.836,1.0,0.553,0.1957,0.0,0.7122,2.0
2.0,1541.0,461.0,0.515,0.959,1.033,0.907,1.0,0.553,0.1957,0.0,0.7122,2.0
2.0,1542.0,461.0,0.48,0.898,0.932,0.864,1.0,0.553,0.1957,0.0,0.7122,2.0
2.0,1543.0,461.0,0.435,0.82,0.864,0.792,1.0,0.553,0.1957,0.0,0.7122,2.0
2.0,1544.0,461.0,0.48,0.9,0.979,0.872,1.0,0.553,0.1957,0.0,0.7122,2.0
2.0,1545.0,461.0,0.56,1.042,1.093,1.002,1.0,0.553,0.1957,0.0,0.7122,2.0
2.0,1546.0,461.0,0.56,1.043,1.033,1.009,1.0,0.553,0.1957,0.0,0.7122,2.0
2.0,1547.0,461.0,0.585,1.088,1.065,1.07,1.0,0.553,0.1957,0.0,0.7122,2.0
2.0,1548.0,461.0,0.635,1.177,1.129,1.159,1.0,0.553,0.1957,0.0,0.7122,2.0
2.0,1549.0,461.0,0.49,0.921,0.827,0.903,1.0,0.553,0.1957,0.0,0.7122,2.0
2.0,1550.0,461.0,0.54,1.01,1.02,1.014,1.0,0.553,0.1957,0.0,0.7122,2.0
2.0,1551.0,461.0,0.54,1.011,0.998,0.984,1.0,0.553,0.1957,0.0,0.7122,2.0
2.0,1552.0,461.0,0.565,1.057,1.045,1.042,1.0,0.553,0.1957,0.0,0.7122,2.0
2.0,1553.0,461.0,0.53,0.995,0.96,0.974,1.0,0.3877,0.1957,0.0,0.5588,2.0
2.0,1554.0,461.0,0.645,1.199,1.191,1.189,1.0,0.3877,0.1957,0.0,0.5588,2.0
2.0,1555.0,461.0,0.51,0.961,0.876,0.945,1.0,0.3877,0.1957,0.0,0.5588,2.0
2.0,1556.0,461.0,0.65,1.211,1.207,1.224,1.0,0.3877,0.1957,0.0,0.5588,2.0
2.0,1557.0,461.0,0.53,0.998,0.893,0.97,1.0,0.3877,0.1957,0.0,0.5588,2.0
2.0,1558.0,461.0,0.615,1.15,1.123,1.156,1.0,0.3877,0.1957,0.0,0.5588,2.0
2.0,1559.0,461.0,0.66,1.231,1.158,1.214,1.0,0.3877,0.1957,0.0,0.5588,2.0
2.0,1560.0,461.0,0.575,1.079,0.965,1.08,1.0,0.3877,0.1957,0.0,0.5588,2.0
2.0,1561.0,461.0,0.68,1.267,1.217,1.291,1.0,0.3877,0.1957,0.0,0.5588,2.0
2.0,1562.0,461.0,0.675,1.26,1.141,1.271,1.0,0.3877,0.1957,0.0,0.5588,2.0
2.0,1563.0,461.0,0.625,1.173,1.043,1.207,1.0,0.3877,0.1957,0.0,0.5588,2.0
2.0,1564.0,461.0,0.635,1.19,1.078,1.213,1.0,0.3877,0.1957,0.0,0.5588,2.0
2.0,1565.0,461.0,0.45,0.86,0.751,0.876,1.0,0.3877,0.1957,0.0,0.5588,2.0
2.0,1566.0,461.0,0.48,0.914,0.937,0.931,1.0,0.3877,0.1957,0.0,0.5588,2.0
2.0,1567.0,461.0,0.58,1.093,1.13,1.079,1.0,0.3877,0.1957,0.0,0.5588,2.0
2.0,1568.0,461.0,0.56,1.057,1.034,1.052,1.0,0.3877,0.1957,0.0,0.5588,2.0
2.0,1569.0,461.0,0.55,1.041,1.026,1.063,1.0,0.3877,0.1957,0.0,0.5588,2.0
2.0,1570.0,461.0,0.575,1.087,1.068,1.103,1.0,0.3877,0.1957,0.0,0.5588,2.0
2.0,1571.0,461.0,0.59,1.113,1.075,1.128,1.0,0.3877,0.1957,0.0,0.5588,2.0
2.0,1572.0,461.0,0.66,1.239,1.197,1.268,1.0,0.3877,0.1957,0.0,0.5588,2.0
2.0,1573.0,461.0,0.555,1.051,0.957,1.087,1.0,0.3877,0.1957,0.0,0.5588,2.0
2.0,1574.0,461.0,0.57,1.079,1.05,1.138,1.0,0.3877,0.1957,0.0,0.5588,2.0
2.0,1575.0,461.0,0.645,1.213,1.185,1.257,1.0,0.3877,0.1957,0.0,0.5588,2.0
2.0,1576.0,461.0,0.64,1.206,1.136,1.264,1.0,0.3877,0.1957,0.0,0.5588,2.0
2.0,1577.0,461.0,0.495,0.947,0.862,1.016,1.0,0.3877,0.1957,0.0,0.5588,2.0
2.0,1578.0,461.0,0.505,0.966,0.964,1.023,1.0,0.8323,0.1957,0.0,0.9085,2.0
2.0,1579.0,461.0,0.47,0.903,0.91,0.923,1.0,0.8323,0.1957,0.0,0.9085,2.0
2.0,1580.0,461.0,0.58,1.099,1.145,1.12,1.0,0.8323,0.1957,0.0,0.9085,2.0
2.0,1581.0,461.0,0.565,1.076,1.072,1.104,1.0,0.8323,0.1957,0.0,0.9085,2.0
2.0,1582.0,461.0,0.535,1.021,0.996,1.061,1.0,0.8323,0.1957,0.0,0.9085,2.0
2.0,1583.0,461.0,0.545,1.039,1.033,1.078,1.0,0.8323,0.1957,0.0,0.9085,2.0
2.0,1584.0,461.0,0.595,1.13,1.126,1.169,1.0,0.8323,0.1957,0.0,0.9085,2.0
2.0,1585.0,461.0,0.45,0.869,0.826,0.908,1.0,0.8323,0.1957,0.0,0.9085,2.0
2.0,1586.0,461.0,0.415,0.808,0.853,0.851,1.0,0.8323,0.1957,0.0,0.9085,2.0
2.0,1587.0,461.0,0.41,0.799,0.877,0.801,1.0,0.8323,0.1957,0.0,0.9085,2.0
2.0,1588.0,461.0,0.49,0.944,1.04,0.933,1.0,0.8323,0.1957,0.0,0.9085,2.0
2.0,1589.0,461.0,0.51,0.978,1.029,0.964,1.0,0.8323,0.1957,0.0,0.9085,2.0
2.0,1590.0,461.0,0.625,1.188,1.234,1.207,1.0,0.8323,0.1957,0.0,0.9085,2.0
2.0,1591.0,461.0,0.45,0.872,0.824,0.898,1.0,0.8323,0.1957,0.0,0.9085,2.0
2.0,1592.0,461.0,0.445,0.863,0.91,0.912,1.0,0.8323,0.1957,0.0,0.9085,2.0
2.0,1593.0,461.0,0.595,1.135,1.202,1.148,1.0,0.8323,0.1957,0.0,0.9085,2.0
2.0,1594.0,461.0,0.6,1.145,1.129,1.169,1.0,0.8323,0.1957,0.0,0.9085,2.0
2.0,1595.0,461.0,0.605,1.157,1.12,1.216,1.0,0.8323,0.1957,0.0,0.9085,2.0
2.0,1596.0,461.0,0.36,0.712,0.642,0.76,1.0,0.8323,0.1957,0.0,0.9085,2.0
2.0,1597.0,461.0,0.54,1.039,1.131,1.081,1.0,0.8323,0.1957,0.0,0.9085,2.0
2.0,1598.0,461.0,0.415,0.814,0.815,0.8,1.0,0.8323,0.1957,0.0,0.9085,2.0
2.0,1599.0,461.0,0.515,0.994,1.07,1.009,1.0,0.8323,0.1957,0.0,0.9085,2.0
2.0,1600.0,461.0,0.655,1.25,1.283,1.248,1.0,0.8323,0.1957,0.0,0.9085,2.0
2.0,1601.0,461.0,0.37,0.731,0.648,0.747,1.0,0.8323,0.1957,0.0,0.9085,2.0
2.0,1602.0,461.0,0.4,0.787,0.875,0.826,1.0,0.8323,0.1957,0.0,0.9085,2.0
2.0,1603.0,461.0,0.76,1.443,1.547,1.429,1.0,0.8003,0.1957,0.0,0.9014,2.28
2.0,1604.0,461.0,0.54,1.044,0.914,1.047,1.0,0.8003,0.1957,0.0,0.9014,2.28
2.0,1605.0,461.0,0.52,1.007,0.974,1.078,1.0,0.8003,0.1957,0.0,0.9014,2.28
2.0,1606.0,461.0,0.455,0.888,0.868,0.908,1.0,0.8003,0.1957,0.0,0.9014,2.28
2.0,1607.0,461.0,0.58,1.118,1.163,1.143,1.0,0.8003,0.1957,0.0,0.9014,2.28
2.0,1608.0,461.0,0.535,1.036,1.006,1.044,1.0,0.8003,0.1957,0.0,0.9014,2.28
2.0,1609.0,461.0,0.515,0.999,0.989,1.035,1.0,0.8003,0.1957,0.0,0.9014,2.28
2.0,1610.0,461.0,0.46,0.899,0.902,0.925,1.0,0.8003,0.1957,0.0,0.9014,2.28
2.0,1611.0,461.0,0.62,1.192,1.24,1.218,1.0,0.8003,0.1957,0.0,0.9014,2.28
2.0,1612.0,461.0,0.47,0.919,0.866,0.937,1.0,0.8003,0.1957,0.0,0.9014,2.28
2.0,1613.0,461.0,0.465,0.91,0.936,0.955,1.0,0.8003,0.1957,0.0,0.9014,2.28
2.0,1614.0,461.0,0.58,1.121,1.162,1.132,1.0,0.8003,0.1957,0.0,0.9014,2.28
2.0,1615.0,461.0,0.47,0.918,0.887,0.93,1.0,0.8003,0.1957,0.0,0.9014,2.28
2.0,1616.0,461.0,0.465,0.91,0.95,0.95,1.0,0.8003,0.1957,0.0,0.9014,2.28
2.0,1617.0,461.0,0.49,0.956,1.005,0.972,1.0,0.8003,0.1957,0.0,0.9014,2.28
2.0,1618.0,461.0,0.475,0.93,0.973,0.953,1.0,0.8003,0.1957,0.0,0.9014,2.28
2.0,1619.0,461.0,0.47,0.922,0.965,0.941,1.0,0.8003,0.1957,0.0,0.9014,2.28
2.0,1620.0,461.0,0.475,0.932,0.976,0.944,1.0,0.8003,0.1957,0.0,0.9014,2.28
2.0,1621.0,461.0,0.39,0.776,0.813,0.78,1.0,0.8003,0.1957,0.0,0.9014,2.28
2.0,1622.0,461.0,0.45,0.885,0.978,0.882,1.0,0.8003,0.1957,0.0,0.9014,2.28
2.0,1623.0,461.0,0.565,1.099,1.173,1.083,1.0,0.8003,0.1957,0.0,0.9014,2.28
2.0,1624.0,461.0,0.49,0.961,0.948,0.958,1.0,0.8003,0.1957,0.0,0.9014,2.28
2.0,1625.0,461.0,0.355,0.713,0.728,0.729,1.0,0.8003,0.1957,0.0,0.9014,2.28
3.0,1626.0,431.333,0.48,0.815,0.923,0.809,1.0,0.8003,0.1957,0.0,0.9014,2.28
3.0,1627.0,431.333,0.5,0.89,0.938,0.81,1.0,0.8003,0.1957,0.0,0.9014,2.28
3.0,1628.0,431.333,0.52,1.0,1.056,0.944,1.0,0.6392,0.1957,0.0,0.8312,2.78
3.0,1629.0,431.333,0.51,1.023,0.99,0.932,1.0,0.6392,0.1957,0.0,0.8312,2.78
3.0,1630.0,431.333,0.65,1.147,1.176,1.138,1.0,0.6392,0.1957,0.0,0.8312,2.78
3.0,1631.0,431.333,0.61,1.141,1.077,1.118,1.0,0.6392,0.1957,0.0,0.8312,2.78
3.0,1632.0,431.333,0.68,1.169,1.145,1.219,1.0,0.6392,0.1957,0.0,0.8312,2.78
3.0,1633.0,431.333,0.57,1.086,1.005,1.114,1.0,0.6392,0.1957,0.0,0.8312,2.78
3.0,1634.0,431.333,0.68,1.242,1.186,1.274,1.0,0.6392,0.1957,0.0,0.8312,2.78
3.0,1635.0,431.333,0.63,1.203,1.117,1.247,1.0,0.6392,0.1957,0.0,0.8312,2.78
3.0,1636.0,431.333,0.66,1.283,1.183,1.334,1.0,0.6392,0.1957,0.0,0.8312,2.78
3.0,1637.0,431.333,0.48,0.842,0.768,0.947,1.0,0.6392,0.1957,0.0,0.8312,2.78
3.0,1638.0,431.333,0.51,0.919,0.932,0.978,1.0,0.6392,0.1957,0.0,0.8312,2.78
3.0,1639.0,431.333,0.63,1.126,1.148,1.13,1.0,0.6392,0.1957,0.0,0.8312,2.78
3.0,1640.0,431.333,0.6,1.132,0.978,1.025,1.0,0.6392,0.1957,0.0,0.8312,2.78
3.0,1641.0,431.333,0.39,0.728,0.642,0.678,1.0,0.6392,0.1957,0.0,0.8312,2.78
3.0,1642.0,431.333,0.38,0.728,0.804,0.684,1.0,0.6392,0.1957,0.0,0.8312,2.78
3.0,1643.0,431.333,0.47,0.908,1.009,0.823,1.0,0.6392,0.1957,0.0,0.8312,2.78
3.0,1644.0,431.333,0.51,0.947,0.987,0.856,1.0,0.6392,0.1957,0.0,0.8312,2.78
3.0,1645.0,431.333,0.48,0.929,0.98,0.89,1.0,0.6392,0.1957,0.0,0.8312,2.78
3.0,1646.0,431.333,0.53,0.974,0.996,0.925,1.0,0.6392,0.1957,0.0,0.8312,2.78
3.0,1647.0,431.333,0.66,1.29,1.288,1.237,1.0,0.6392,0.1957,0.0,0.8312,2.78
3.0,1648.0,431.333,0.59,1.15,1.053,1.131,1.0,0.6392,0.1957,0.0,0.8312,2.78
3.0,1649.0,431.333,0.36,0.679,0.554,0.653,1.0,0.6392,0.1957,0.0,0.8312,2.78
3.0,1650.0,431.333,0.52,0.97,1.03,0.921,1.0,0.6392,0.1957,0.0,0.8312,2.78
3.0,1651.0,431.333,0.48,0.969,1.098,0.999,1.0,0.6392,0.1957,0.0,0.8312,2.78
3.0,1652.0,431.333,0.55,1.073,1.095,1.08,1.0,0.6392,0.1957,0.0,0.8312,2.78
3.0,1653.0,431.333,0.45,0.907,0.975,1.006,3.0,0.6864,0.1534,0.0886,0.8678,3.0
3.0,1654.0,431.333,0.4,0.804,0.869,0.887,3.0,0.6864,0.1534,0.0886,0.8678,3.0
3.0,1655.0,431.333,0.53,1.033,1.117,1.075,3.0,0.6864,0.1534,0.0886,0.8678,3.0
3.0,1656.0,431.333,0.56,1.095,1.088,1.096,3.0,0.6864,0.1534,0.0886,0.8678,3.0
3.0,1657.0,431.333,0.63,1.209,1.201,1.254,3.0,0.6864,0.1534,0.0886,0.8678,3.0
3.0,1658.0,431.333,0.7,1.43,1.321,1.439,3.0,0.6864,0.1534,0.0886,0.8678,3.0
3.0,1659.0,431.333,0.62,1.255,1.109,1.332,3.0,0.6864,0.1534,0.0886,0.8678,3.0
3.0,1660.0,431.333,0.58,1.157,1.012,1.229,3.0,0.6864,0.1534,0.0886,0.8678,3.0
3.0,1661.0,431.333,0.74,1.441,1.396,1.551,3.0,0.6864,0.1534,0.0886,0.8678,3.0
3.0,1662.0,431.333,0.65,1.305,1.155,1.416,3.0,0.6864,0.1534,0.0886,0.8678,3.0
3.0,1663.0,431.333,0.62,1.228,1.097,1.369,3.0,0.6864,0.1534,0.0886,0.8678,3.0
3.0,1664.0,431.333,0.59,1.151,1.052,1.279,3.0,0.6864,0.1534,0.0886,0.8678,3.0
3.0,1665.0,431.333,0.56,1.1,0.983,1.166,3.0,0.6864,0.1534,0.0886,0.8678,3.0
3.0,1666.0,431.333,0.47,0.919,0.845,0.966,3.0,0.6864,0.1534,0.0886,0.8678,3.0
3.0,1667.0,431.333,0.44,0.89,0.882,0.902,3.0,0.6864,0.1534,0.0886,0.8678,3.0
3.0,1668.0,431.333,0.51,1.037,1.069,1.024,3.0,0.6864,0.1534,0.0886,0.8678,3.0
3.0,1669.0,431.333,0.4,0.779,0.766,0.756,3.0,0.6864,0.1534,0.0886,0.8678,3.0
3.0,1670.0,431.333,0.42,0.821,0.895,0.805,3.0,0.6864,0.1534,0.0886,0.8678,3.0
3.0,1671.0,431.333,0.42,0.823,0.885,0.761,3.0,0.6864,0.1534,0.0886,0.8678,3.0
3.0,1672.0,431.333,0.41,0.8,0.893,0.761,3.0,0.6864,0.1534,0.0886,0.8678,3.0
3.0,1673.0,431.333,0.38,0.744,0.812,0.672,3.0,0.6864,0.1534,0.0886,0.8678,3.0
3.0,1674.0,431.333,0.36,0.705,0.852,0.677,3.0,0.6864,0.1534,0.0886,0.8678,3.0
3.0,1675.0,431.333,0.47,0.93,1.043,0.853,3.0,0.6864,0.1534,0.0886,0.8678,3.0
3.0,1676.0,431.333,0.41,0.802,0.896,0.775,3.0,0.6864,0.1534,0.0886,0.8678,3.0
3.0,1677.0,431.333,0.52,1.036,1.099,0.983,3.0,0.6864,0.1534,0.0886,0.8678,3.0
3.0,1678.0,431.333,0.39,0.788,0.902,0.851,3.0,0.5343,0.2094,0.1209,0.7749,3.0
3.0,1679.0,431.333,0.51,1.006,1.067,1.006,3.0,0.5343,0.2094,0.1209,0.7749,3.0
3.0,1680.0,431.333,0.51,1.006,1.023,0.996,3.0,0.5343,0.2094,0.1209,0.7749,3.0
3.0,1681.0,431.333,0.46,0.936,1.039,1.039,3.0,0.5343,0.2094,0.1209,0.7749,3.0
3.0,1682.0,431.333,0.56,1.146,1.184,1.2,3.0,0.5343,0.2094,0.1209,0.7749,3.0
3.0,1683.0,431.333,0.42,0.837,0.765,0.851,3.0,0.5343,0.2094,0.1209,0.7749,3.0
3.0,1684.0,431.333,0.44,0.88,0.921,0.903,3.0,0.5343,0.2094,0.1209,0.7749,3.0
3.0,1685.0,431.333,0.51,1.009,1.023,0.956,3.0,0.5343,0.2094,0.1209,0.7749,3.0
3.0,1686.0,431.333,0.5,1.021,1.059,1.023,3.0,0.5343,0.2094,0.1209,0.7749,3.0
3.0,1687.0,431.333,0.48,0.958,0.985,0.986,3.0,0.5343,0.2094,0.1209,0.7749,3.0
3.0,1688.0,431.333,0.49,0.987,1.002,1.001,3.0,0.5343,0.2094,0.1209,0.7749,3.0
3.0,1689.0,431.333,0.53,1.071,1.055,1.053,3.0,0.5343,0.2094,0.1209,0.7749,3.0
3.0,1690.0,431.333,0.51,1.012,0.961,0.983,3.0,0.5343,0.2094,0.1209,0.7749,3.0
3.0,1691.0,431.333,0.39,0.79,0.858,0.862,3.0,0.5343,0.2094,0.1209,0.7749,3.0
3.0,1692.0,431.333,0.48,0.97,1.03,0.973,3.0,0.5343,0.2094,0.1209,0.7749,3.0
3.0,1693.0,431.333,0.51,1.013,1.009,0.972,3.0,0.5343,0.2094,0.1209,0.7749,3.0
3.0,1694.0,431.333,0.44,0.87,0.933,0.917,3.0,0.5343,0.2094,0.1209,0.7749,3.0
3.0,1695.0,431.333,0.4,0.812,0.901,0.863,3.0,0.5343,0.2094,0.1209,0.7749,3.0
3.0,1696.0,431.333,0.47,0.933,1.013,0.944,3.0,0.5343,0.2094,0.1209,0.7749,3.0
3.0,1697.0,431.333,0.46,0.939,1.024,0.975,3.0,0.5343,0.2094,0.1209,0.7749,3.0
3.0,1698.0,431.333,0.49,1.002,1.056,1.036,3.0,0.5343,0.2094,0.1209,0.7749,3.0
3.0,1699.0,431.333,0.39,0.786,0.819,0.829,3.0,0.5343,0.2094,0.1209,0.7749,3.0
3.0,1700.0,431.333,0.43,0.876,0.966,0.907,3.0,0.5343,0.2094,0.1209,0.7749,3.0
3.0,1701.0,431.333,0.52,1.038,1.099,1.029,3.0,0.5343,0.2094,0.1209,0.7749,3.0
3.0,1702.0,431.333,0.41,0.83,0.812,0.805,3.0,0.5343,0.2094,0.1209,0.7749,3.0
3.0,1703.0,431.333,0.42,0.833,0.907,0.837,3.0,0.6403,0.0662,0.0382,0.8423,3.0
3.0,1704.0,431.333,0.47,0.937,1.003,0.901,3.0,0.6403,0.0662,0.0382,0.8423,3.0
3.0,1705.0,431.333,0.43,0.877,0.899,0.829,3.0,0.6403,0.0662,0.0382,0.8423,3.0
3.0,1706.0,431.333,0.53,1.082,1.093,1.007,3.0,0.6403,0.0662,0.0382,0.8423,3.0
3.0,1707.0,431.333,0.4,0.814,0.815,0.784,3.0,0.6403,0.0662,0.0382,0.8423,3.0
3.0,1708.0,431.333,0.35,0.709,0.76,0.678,3.0,0.6403,0.0662,0.0382,0.8423,3.0
3.0,1709.0,431.333,0.46,0.918,0.994,0.826,3.0,0.6403,0.0662,0.0382,0.8423,3.0
3.0,1710.0,431.333,0.47,0.939,0.994,0.863,3.0,0.6403,0.0662,0.0382,0.8423,3.0
3.0,1711.0,431.333,0.42,0.857,0.909,0.822,3.0,0.6403,0.0662,0.0382,0.8423,3.0
3.0,1712.0,431.333,0.31,0.623,0.713,0.617,3.0,0.6403,0.0662,0.0382,0.8423,3.0
3.0,1713.0,431.333,0.43,0.858,1.004,0.819,3.0,0.6403,0.0662,0.0382,0.8423,3.0
3.0,1714.0,431.333,0.55,1.13,1.21,1.064,3.0,0.6403,0.0662,0.0382,0.8423,3.0
3.0,1715.0,431.333,0.42,0.857,0.827,0.816,3.0,0.6403,0.0662,0.0382,0.8423,3.0
3.0,1716.0,431.333,0.51,1.046,1.105,1.047,3.0,0.6403,0.0662,0.0382,0.8423,3.0
3.0,1717.0,431.333,0.49,1.005,0.993,0.975,3.0,0.6403,0.0662,0.0382,0.8423,3.0
3.0,1718.0,431.333,0.47,0.963,0.962,0.962,3.0,0.6403,0.0662,0.0382,0.8423,3.0
3.0,1719.0,431.333,0.49,1.005,0.973,0.954,3.0,0.6403,0.0662,0.0382,0.8423,3.0
3.0,1720.0,431.333,0.36,0.731,0.709,0.684,3.0,0.6403,0.0662,0.0382,0.8423,3.0
3.0,1721.0,431.333,0.49,1.006,1.17,1.038,3.0,0.6403,0.0662,0.0382,0.8423,3.0
3.0,1722.0,431.333,0.52,1.069,1.211,1.164,3.0,0.6403,0.0662,0.0382,0.8423,3.0
3.0,1723.0,431.333,0.4,0.816,0.764,0.836,3.0,0.6403,0.0662,0.0382,0.8423,3.0
3.0,1724.0,431.333,0.55,1.134,1.218,1.187,3.0,0.6403,0.0662,0.0382,0.8423,3.0
3.0,1725.0,431.333,0.53,1.092,1.025,1.066,3.0,0.6403,0.0662,0.0382,0.8423,3.0
3.0,1726.0,431.333,0.54,1.113,1.087,1.15,3.0,0.6403,0.0662,0.0382,0.8423,3.0
3.0,1727.0,431.333,0.44,0.902,0.856,0.928,3.0,0.6403,0.0662,0.0382,0.8423,3.0
3.0,1728.0,431.333,0.52,1.071,1.095,1.097,3.0,0.6749,0.0562,0.0325,0.8778,3.46
3.0,1729.0,431.333,0.53,1.093,1.069,1.093,3.0,0.6749,0.0562,0.0325,0.8778,3.46
3.0,1730.0,431.333,0.55,1.135,1.088,1.144,3.0,0.6749,0.0562,0.0325,0.8778,3.46
3.0,1731.0,431.333,0.5,1.028,1.002,1.078,3.0,0.6749,0.0562,0.0325,0.8778,3.46
3.0,1732.0,431.333,0.49,1.007,1.021,1.08,3.0,0.6749,0.0562,0.0325,0.8778,3.46
3.0,1733.0,431.333,0.46,0.944,0.976,1.023,3.0,0.6749,0.0562,0.0325,0.8778,3.46
3.0,1734.0,431.333,0.48,0.986,1.014,1.039,3.0,0.6749,0.0562,0.0325,0.8778,3.46
3.0,1735.0,431.333,0.48,0.988,1.04,1.06,3.0,0.6749,0.0562,0.0325,0.8778,3.46
3.0,1736.0,431.333,0.4,0.817,0.793,0.825,3.0,0.6749,0.0562,0.0325,0.8778,3.46
3.0,1737.0,431.333,0.47,0.953,0.985,0.93,3.0,0.6749,0.0562,0.0325,0.8778,3.46
3.0,1738.0,431.333,0.4,0.817,0.843,0.781,3.0,0.6749,0.0562,0.0325,0.8778,3.46
3.0,1739.0,431.333,0.6,1.243,1.291,1.192,3.0,0.6749,0.0562,0.0325,0.8778,3.46
3.0,1740.0,431.333,0.45,0.925,0.849,0.881,3.0,0.6749,0.0562,0.0325,0.8778,3.46
3.0,1741.0,431.333,0.53,1.095,1.117,1.109,3.0,0.6749,0.0562,0.0325,0.8778,3.46
3.0,1742.0,431.333,0.58,1.186,1.115,1.135,3.0,0.6749,0.0562,0.0325,0.8778,3.46
3.0,1743.0,431.333,0.52,1.074,0.99,1.065,3.0,0.6749,0.0562,0.0325,0.8778,3.46
3.0,1744.0,431.333,0.49,1.01,0.979,1.031,3.0,0.6749,0.0562,0.0325,0.8778,3.46
3.0,1745.0,431.333,0.49,1.01,0.996,1.021,3.0,0.6749,0.0562,0.0325,0.8778,3.46
3.0,1746.0,431.333,0.5,1.032,1.025,1.04,3.0,0.6749,0.0562,0.0325,0.8778,3.46
3.0,1747.0,431.333,0.6,1.244,1.257,1.277,3.0,0.6749,0.0562,0.0325,0.8778,3.46
3.0,1748.0,431.333,0.39,0.797,0.72,0.836,3.0,0.6749,0.0562,0.0325,0.8778,3.46
3.0,1749.0,431.333,0.4,0.818,0.897,0.889,3.0,0.6749,0.0562,0.0325,0.8778,3.46
3.0,1750.0,431.333,0.44,0.905,0.981,0.905,3.0,0.6749,0.0562,0.0325,0.8778,3.46
4.0,1751.0,385.25,0.385,0.773,0.821,0.762,3.0,0.6749,0.0562,0.0325,0.8778,3.46
4.0,1752.0,385.25,0.375,0.751,0.843,0.732,3.0,0.6749,0.0562,0.0325,0.8778,3.46
4.0,1753.0,385.25,0.535,1.095,1.145,0.994,3.0,0.7072,0.0727,0.042,0.9181,4.64
4.0,1754.0,385.25,0.5,1.029,1.026,0.971,3.0,0.7072,0.0727,0.042,0.9181,4.64
4.0,1755.0,385.25,0.455,0.93,0.916,0.904,3.0,0.7072,0.0727,0.042,0.9181,4.64
5.0,1756.0,343.8,0.63,1.106,1.174,1.132,3.0,0.7072,0.0727,0.042,0.9181,4.64
5.0,1757.0,343.8,0.58,1.106,1.045,1.078,3.0,0.7072,0.0727,0.042,0.9181,4.64
5.0,1758.0,343.8,0.48,0.988,0.976,1.033,3.0,0.7072,0.0727,0.042,0.9181,4.64
5.0,1759.0,343.8,0.4,0.78,0.807,0.836,3.0,0.7072,0.0727,0.042,0.9181,4.64
5.0,1760.0,343.8,0.51,0.947,0.969,0.912,3.0,0.7072,0.0727,0.042,0.9181,4.64
5.0,1761.0,343.8,0.46,0.921,0.935,0.869,3.0,0.7072,0.0727,0.042,0.9181,4.64
5.0,1762.0,343.8,0.44,0.896,1.003,0.935,3.0,0.7072,0.0727,0.042,0.9181,4.64
5.0,1763.0,343.8,0.53,1.078,1.069,1.018,3.0,0.7072,0.0727,0.042,0.9181,4.64
5.0,1764.0,343.8,0.5,0.921,0.899,0.893,3.0,0.7072,0.0727,0.042,0.9181,4.64
5.0,1765.0,343.8,0.58,1.106,1.126,1.088,3.0,0.7072,0.0727,0.042,0.9181,4.64
5.0,1766.0,343.8,0.44,0.896,0.816,0.83,3.0,0.7072,0.0727,0.042,0.9181,4.64
5.0,1767.0,343.8,0.45,0.921,0.975,0.927,3.0,0.7072,0.0727,0.042,0.9181,4.64
5.0,1768.0,343.8,0.51,0.943,1.02,0.958,3.0,0.7072,0.0727,0.042,0.9181,4.64
5.0,1769.0,343.8,0.52,1.082,1.014,0.983,3.0,0.7072,0.0727,0.042,0.9181,4.64
5.0,1770.0,343.8,0.52,1.058,1.02,1.005,3.0,0.7072,0.0727,0.042,0.9181,4.64
5.0,1771.0,343.8,0.46,0.921,0.908,0.907,3.0,0.7072,0.0727,0.042,0.9181,4.64
5.0,1772.0,343.8,0.53,1.084,1.115,1.081,3.0,0.7072,0.0727,0.042,0.9181,4.64
5.0,1773.0,343.8,0.56,1.085,1.12,1.133,3.0,0.7072,0.0727,0.042,0.9181,4.64
5.0,1774.0,343.8,0.53,1.093,1.048,1.117,3.0,0.7072,0.0727,0.042,0.9181,4.64
5.0,1775.0,343.8,0.44,0.9,0.851,0.923,3.0,0.7072,0.0727,0.042,0.9181,4.64
5.0,1776.0,343.8,0.39,0.781,0.842,0.835,3.0,0.7072,0.0727,0.042,0.9181,4.64
5.0,1777.0,343.8,0.39,0.783,0.882,0.803,3.0,0.7072,0.0727,0.042,0.9181,4.64
5.0,1778.0,343.8,0.41,0.806,0.938,0.829,10.0,0.6165,0.1503,0.0475,0.9091,6.22
5.0,1779.0,343.8,0.42,0.833,0.934,0.829,10.0,0.6165,0.1503,0.0475,0.9091,6.22
5.0,1780.0,343.8,0.47,0.934,1.022,0.922,10.0,0.6165,0.1503,0.0475,0.9091,6.22
5.0,1781.0,343.8,0.52,1.006,1.065,1.001,10.0,0.6165,0.1503,0.0475,0.9091,6.22
5.0,1782.0,343.8,0.4,0.765,0.801,0.786,10.0,0.6165,0.1503,0.0475,0.9091,6.22
6.0,1783.0,303.333,0.503,1.029,1.133,1.051,10.0,0.6165,0.1503,0.0475,0.9091,6.22
6.0,1784.0,303.333,0.558,0.959,0.974,0.952,10.0,0.6165,0.1503,0.0475,0.9091,6.22
6.0,1785.0,303.333,0.529,0.969,0.986,0.978,10.0,0.6165,0.1503,0.0475,0.9091,6.22
6.0,1786.0,303.333,0.562,1.029,1.04,1.023,10.0,0.6165,0.1503,0.0475,0.9091,6.22
6.0,1787.0,303.333,0.504,0.938,0.912,0.917,10.0,0.6165,0.1503,0.0475,0.9091,6.22
7.0,1788.0,290.0,0.619,0.937,0.97,0.942,10.0,0.6165,0.1503,0.0475,0.9091,6.22
7.0,1789.0,290.0,0.401,0.823,0.859,0.82,10.0,0.6165,0.1503,0.0475,0.9091,6.22
7.0,1790.0,290.0,0.69,1.069,1.164,1.083,10.0,0.6165,0.1503,0.0475,0.9091,6.22
7.0,1791.0,290.0,0.72,1.131,1.119,1.116,10.0,0.6165,0.1503,0.0475,0.9091,6.22
7.0,1792.0,290.0,0.689,1.077,1.037,1.1,10.0,0.6165,0.1503,0.0475,0.9091,6.22
7.0,1793.0,290.0,0.622,0.972,0.943,1.006,10.0,0.6165,0.1503,0.0475,0.9091,6.22
7.0,1794.0,290.0,0.693,1.113,1.108,1.131,10.0,0.6165,0.1503,0.0475,0.9091,6.22
7.0,1795.0,290.0,0.699,1.072,1.064,1.117,10.0,0.6165,0.1503,0.0475,0.9091,6.22
7.0,1796.0,290.0,0.701,1.112,1.058,1.13,10.0,0.6165,0.1503,0.0475,0.9091,6.22
7.0,1797.0,290.0,0.579,1.08,1.038,1.113,10.0,0.6165,0.1503,0.0475,0.9091,6.22
7.0,1798.0,290.0,0.78,1.31,1.264,1.334,10.0,0.6165,0.1503,0.0475,0.9091,6.22
7.0,1799.0,290.0,0.726,1.199,1.07,1.223,10.0,0.6165,0.1503,0.0475,0.9091,6.22
7.0,1800.0,290.0,0.445,0.892,0.788,0.942,10.0,0.6165,0.1503,0.0475,0.9091,6.22
7.0,1801.0,290.0,0.585,0.915,0.926,0.948,10.0,0.6165,0.1503,0.0475,0.9091,6.22
7.0,1802.0,290.0,0.704,1.138,1.168,1.137,10.0,0.6165,0.1503,0.0475,0.9091,6.22
7.0,1803.0,290.0,0.588,0.935,0.896,0.94,15.0,0.4549,0.1536,0.0397,0.8616,7.46
7.0,1804.0,290.0,0.694,1.15,1.163,1.167,15.0,0.4549,0.1536,0.0397,0.8616,7.46
7.0,1805.0,290.0,0.659,1.1,1.038,1.091,15.0,0.4549,0.1536,0.0397,0.8616,7.46
7.0,1806.0,290.0,0.574,0.985,0.938,1.008,15.0,0.4549,0.1536,0.0397,0.8616,7.46
7.0,1807.0,290.0,0.667,1.101,1.095,1.116,15.0,0.4549,0.1536,0.0397,0.8616,7.46
7.0,1808.0,290.0,0.624,1.057,1.013,1.061,15.0,0.4549,0.1536,0.0397,0.8616,7.46
7.0,1809.0,290.0,0.412,0.862,0.833,0.881,15.0,0.4549,0.1536,0.0397,0.8616,7.46
7.0,1810.0,290.0,0.421,0.781,0.837,0.803,15.0,0.4549,0.1536,0.0397,0.8616,7.46
7.0,1811.0,290.0,0.585,0.907,1.0,0.901,15.0,0.4549,0.1536,0.0397,0.8616,7.46
7.0,1812.0,290.0,0.543,0.901,0.962,0.885,15.0,0.4549,0.1536,0.0397,0.8616,7.46
8.0,1813.0,276.875,0.426,0.786,0.849,0.785,15.0,0.4549,0.1536,0.0397,0.8616,7.46
8.0,1814.0,276.875,0.584,0.972,1.059,0.953,15.0,0.4549,0.1536,0.0397,0.8616,7.46
8.0,1815.0,276.875,0.536,0.974,1.008,0.948,15.0,0.4549,0.1536,0.0397,0.8616,7.46
8.0,1816.0,276.875,0.656,1.252,1.241,1.212,15.0,0.4549,0.1536,0.0397,0.8616,7.46
7.0,1817.0,261.714,0.612,1.018,0.977,1.05,15.0,0.4549,0.1536,0.0397,0.8616,7.46
7.0,1818.0,261.714,0.561,0.931,0.919,0.981,15.0,0.4549,0.1536,0.0397,0.8616,7.46
7.0,1819.0,261.714,0.553,0.942,0.973,0.976,15.0,0.4549,0.1536,0.0397,0.8616,7.46
7.0,1820.0,261.714,0.507,0.893,0.928,0.915,15.0,0.4549,0.1536,0.0397,0.8616,7.46
8.0,1821.0,251.125,0.68,1.099,1.094,1.057,15.0,0.4549,0.1536,0.0397,0.8616,7.46
8.0,1822.0,251.125,0.688,1.103,1.085,1.091,15.0,0.4549,0.1536,0.0397,0.8616,7.46
8.0,1823.0,251.125,0.64,1.017,0.975,1.022,15.0,0.4549,0.1536,0.0397,0.8616,7.46
8.0,1824.0,251.125,0.582,0.96,0.952,0.979,15.0,0.4549,0.1536,0.0397,0.8616,7.46
8.0,1825.0,251.125,0.572,0.976,1.0,0.996,15.0,0.4549,0.1536,0.0397,0.8616,7.46
8.0,1826.0,251.125,0.551,0.961,0.939,0.934,15.0,0.4549,0.1536,0.0397,0.8616,7.46
8.0,1827.0,251.125,0.545,1.052,1.075,1.049,15.0,0.4549,0.1536,0.0397,0.8616,7.46
8.0,1828.0,251.125,0.616,1.006,1.025,1.031,21.0,0.4353,0.1847,0.0403,0.8703,8.7
8.0,1829.0,251.125,0.679,1.095,1.079,1.101,21.0,0.4353,0.1847,0.0403,0.8703,8.7
8.0,1830.0,251.125,0.663,1.083,1.025,1.072,21.0,0.4353,0.1847,0.0403,0.8703,8.7
8.0,1831.0,251.125,0.705,1.138,1.121,1.169,21.0,0.4353,0.1847,0.0403,0.8703,8.7
8.0,1832.0,251.125,0.483,0.757,0.675,0.756,21.0,0.4353,0.1847,0.0403,0.8703,8.7
8.0,1833.0,251.125,0.563,0.889,0.995,0.934,21.0,0.4353,0.1847,0.0403,0.8703,8.7
8.0,1834.0,251.125,0.602,0.974,1.029,0.955,21.0,0.4353,0.1847,0.0403,0.8703,8.7
8.0,1835.0,251.125,0.597,0.962,0.993,0.963,21.0,0.4353,0.1847,0.0403,0.8703,8.7
8.0,1836.0,251.125,0.556,0.864,0.894,0.871,21.0,0.4353,0.1847,0.0403,0.8703,8.7
8.0,1837.0,251.125,0.539,0.839,0.896,0.839,21.0,0.4353,0.1847,0.0403,0.8703,8.7
8.0,1838.0,251.125,0.473,0.716,0.787,0.699,21.0,0.4353,0.1847,0.0403,0.8703,8.7
8.0,1839.0,251.125,0.563,0.865,1.0,0.851,21.0,0.4353,0.1847,0.0403,0.8703,8.7
8.0,1840.0,251.125,0.571,0.977,1.032,0.915,21.0,0.4353,0.1847,0.0403,0.8703,8.7
8.0,1841.0,251.125,0.691,1.159,1.202,1.14,21.0,0.4353,0.1847,0.0403,0.8703,8.7
8.0,1842.0,251.125,0.648,1.05,1.005,1.043,21.0,0.4353,0.1847,0.0403,0.8703,8.7
8.0,1843.0,251.125,0.62,1.005,0.97,1.015,21.0,0.4353,0.1847,0.0403,0.8703,8.7
8.0,1844.0,251.125,0.624,1.012,1.005,1.02,21.0,0.4353,0.1847,0.0403,0.8703,8.7
9.0,1845.0,240.222,0.617,0.978,0.978,0.989,21.0,0.4353,0.1847,0.0403,0.8703,8.7
10.0,1846.0,231.4,0.605,1.035,1.045,1.046,21.0,0.4353,0.1847,0.0403,0.8703,8.7
10.0,1847.0,231.4,0.622,1.01,0.999,1.015,21.0,0.4353,0.1847,0.0403,0.8703,8.7
10.0,1848.0,231.4,0.647,1.072,1.067,1.082,21.0,0.4353,0.1847,0.0403,0.8703,8.7
10.0,1849.0,231.4,0.551,0.876,0.841,0.877,21.0,0.4353,0.1847,0.0403,0.8703,8.7
10.0,1850.0,231.4,0.544,0.878,0.911,0.879,21.0,0.4353,0.1847,0.0403,0.8703,8.7
10.0,1851.0,231.4,0.537,0.861,0.921,0.851,21.0,0.4353,0.1847,0.0403,0.8703,8.7
10.0,1852.0,231.4,0.649,1.05,1.12,1.038,21.0,0.4353,0.1847,0.0403,0.8703,8.7
10.0,1853.0,231.4,0.585,0.943,0.933,0.919,21.0,0.4524,0.1347,0.0294,0.8897,9.76
10.0,1854.0,231.4,0.566,0.911,0.943,0.919,21.0,0.4524,0.1347,0.0294,0.8897,9.76
10.0,1855.0,231.4,0.609,0.994,1.071,1.024,21.0,0.4524,0.1347,0.0294,0.8897,9.76
10.0,1856.0,231.4,0.624,1.0,1.009,1.002,21.0,0.4524,0.1347,0.0294,0.8897,9.76
10.0,1857.0,231.4,0.635,1.049,1.007,1.014,21.0,0.4524,0.1347,0.0294,0.8897,9.76
10.0,1858.0,231.4,0.557,0.901,0.892,0.898,21.0,0.4524,0.1347,0.0294,0.8897,9.76
10.0,1859.0,231.4,0.663,1.142,1.169,1.132,21.0,0.4524,0.1347,0.0294,0.8897,9.76
10.0,1860.0,231.4,0.552,0.905,0.858,0.89,21.0,0.4524,0.1347,0.0294,0.8897,9.76
10.0,1861.0,231.4,0.674,1.166,1.182,1.166,21.0,0.4524,0.1347,0.0294,0.8897,9.76
10.0,1862.0,231.4,0.616,1.074,1.04,1.084,21.0,0.4524,0.1347,0.0294,0.8897,9.76
10.0,1863.0,231.4,0.77,1.361,1.318,1.384,21.0,0.4524,0.1347,0.0294,0.8897,9.76
10.0,1864.0,231.4,0.627,1.045,0.969,1.136,21.0,0.4524,0.1347,0.0294,0.8897,9.76
10.0,1865.0,231.4,0.646,1.099,1.041,1.17,21.0,0.4524,0.1347,0.0294,0.8897,9.76
10.0,1866.0,231.4,0.653,1.101,1.073,1.167,21.0,0.4524,0.1347,0.0294,0.8897,9.76
10.0,1867.0,231.4,0.603,1.02,0.962,1.062,21.0,0.4524,0.1347,0.0294,0.8897,9.76
10.0,1868.0,231.4,0.628,1.054,1.039,1.097,21.0,0.4524,0.1347,0.0294,0.8897,9.76
10.0,1869.0,231.4,0.717,1.239,1.198,1.248,21.0,0.4524,0.1347,0.0294,0.8897,9.76
10.0,1870.0,231.4,0.727,1.256,1.157,1.274,21.0,0.4524,0.1347,0.0294,0.8897,9.76
10.0,1871.0,231.4,0.748,1.23,1.122,1.278,21.0,0.4524,0.1347,0.0294,0.8897,9.76
10.0,1872.0,231.4,0.605,1.015,0.89,1.054,21.0,0.4524,0.1347,0.0294,0.8897,9.76
10.0,1873.0,231.4,0.628,1.053,1.005,1.082,21.0,0.4524,0.1347,0.0294,0.8897,9.76
10.0,1874.0,231.4,0.639,1.086,1.04,1.083,21.0,0.4524,0.1347,0.0294,0.8897,9.76
10.0,1875.0,231.4,0.591,0.987,0.945,0.995,21.0,0.4524,0.1347,0.0294,0.8897,9.76
10.0,1876.0,231.4,0.557,0.92,0.921,0.936,21.0,0.4524,0.1347,0.0294,0.8897,9.76
10.0,1877.0,231.4,0.426,0.803,0.798,0.773,21.0,0.4524,0.1347,0.0294,0.8897,9.76
10.0,1878.0,231.4,0.572,0.938,1.136,1.035,36.0,0.4088,0.1257,0.021,0.8825,10.86
10.0,1879.0,231.4,0.566,0.934,1.028,0.998,36.0,0.4088,0.1257,0.021,0.8825,10.86
10.0,1880.0,231.4,0.499,0.799,0.886,0.893,36.0,0.4088,0.1257,0.021,0.8825,10.86
10.0,1881.0,231.4,0.528,0.871,0.952,0.91,36.0,0.4088,0.1257,0.021,0.8825,10.86
10.0,1882.0,231.4,0.631,1.072,1.12,1.064,36.0,0.4088,0.1257,0.021,0.8825,10.86
10.0,1883.0,231.4,0.64,1.098,1.087,1.095,36.0,0.4088,0.1257,0.021,0.8825,10.86
9.0,1884.0,245.889,0.524,0.9,0.875,0.925,36.0,0.4088,0.1257,0.021,0.8825,10.86
10.0,1885.0,232.6,0.503,0.85,0.904,0.894,36.0,0.4088,0.1257,0.021,0.8825,10.86
10.0,1886.0,232.6,0.585,1.013,1.088,1.032,36.0,0.4088,0.1257,0.021,0.8825,10.86
10.0,1887.0,232.6,0.581,1.028,1.087,1.079,36.0,0.4088,0.1257,0.021,0.8825,10.86
10.0,1888.0,232.6,0.509,0.93,0.949,0.987,36.0,0.4088,0.1257,0.021,0.8825,10.86
10.0,1889.0,232.6,0.624,1.125,1.161,1.172,36.0,0.4088,0.1257,0.021,0.8825,10.86
11.0,1890.0,221.273,0.489,0.882,0.889,0.955,36.0,0.4088,0.1257,0.021,0.8825,10.86
11.0,1891.0,221.273,0.534,0.904,0.917,0.934,36.0,0.4088,0.1257,0.021,0.8825,10.86
11.0,1892.0,221.273,0.615,1.073,1.121,1.087,36.0,0.4088,0.1257,0.021,0.8825,10.86
11.0,1893.0,221.273,0.461,0.795,0.793,0.814,36.0,0.4088,0.1257,0.021,0.8825,10.86
11.0,1894.0,221.273,0.551,0.94,1.029,0.974,36.0,0.4088,0.1257,0.021,0.8825,10.86
11.0,1895.0,221.273,0.492,0.83,0.86,0.813,36.0,0.4088,0.1257,0.021,0.8825,10.86
12.0,1896.0,211.25,0.519,0.87,0.962,0.885,36.0,0.4088,0.1257,0.021,0.8825,10.86
12.0,1897.0,211.25,0.461,0.752,0.807,0.726,36.0,0.4088,0.1257,0.021,0.8825,10.86
12.0,1898.0,211.25,0.488,0.796,0.916,0.787,36.0,0.4088,0.1257,0.021,0.8825,10.86
12.0,1899.0,211.25,0.429,0.662,0.8,0.663,36.0,0.4088,0.1257,0.021,0.8825,10.86
12.0,1900.0,211.25,0.491,0.805,0.979,0.806,36.0,0.4088,0.1257,0.021,0.8825,10.86
12.0,1901.0,211.25,0.503,0.864,0.996,0.854,36.0,0.4088,0.1257,0.021,0.8825,10.86
12.0,1902.0,211.25,0.511,0.861,0.953,0.858,36.0,0.4088,0.1257,0.021,0.8825,10.86
12.0,1903.0,211.25,0.567,0.966,1.055,0.971,45.0,0.4191,0.1285,0.0192,0.8946,11.76
12.0,1904.0,211.25,0.555,0.951,1.004,0.965,45.0,0.4191,0.1285,0.0192,0.8946,11.76
12.0,1905.0,211.25,0.49,0.82,0.891,0.872,45.0,0.4191,0.1285,0.0192,0.8946,11.76
12.0,1906.0,211.25,0.545,0.931,1.027,0.971,45.0,0.4191,0.1285,0.0192,0.8946,11.76
12.0,1907.0,211.25,0.513,0.857,0.928,0.892,45.0,0.4191,0.1285,0.0192,0.8946,11.76
12.0,1908.0,211.25,0.576,0.996,1.084,1.036,45.0,0.4191,0.1285,0.0192,0.8946,11.76
12.0,1909.0,211.25,0.541,0.906,0.958,0.952,45.0,0.4191,0.1285,0.0192,0.8946,11.76
12.0,1910.0,211.25,0.648,1.15,1.193,1.182,45.0,0.4191,0.1285,0.0192,0.8946,11.76
12.0,1911.0,211.25,0.614,1.063,1.027,1.089,45.0,0.4191,0.1285,0.0192,0.8946,11.76
12.0,1912.0,211.25,0.588,0.979,0.958,1.029,45.0,0.4191,0.1285,0.0192,0.8946,11.76
12.0,1913.0,211.25,0.635,1.097,1.075,1.105,45.0,0.4191,0.1285,0.0192,0.8946,11.76
12.0,1914.0,211.25,0.641,1.125,1.079,1.126,45.0,0.4191,0.1285,0.0192,0.8946,11.76
12.0,1915.0,211.25,0.447,0.731,0.704,0.775,45.0,0.4191,0.1285,0.0192,0.8946,11.76
12.0,1916.0,211.25,0.513,0.856,0.94,0.878,45.0,0.4191,0.1285,0.0192,0.8946,11.76
12.0,1917.0,211.25,0.538,0.916,1.008,0.916,45.0,0.4191,0.1285,0.0192,0.8946,11.76
12.0,1918.0,211.25,0.624,1.069,1.136,1.079,45.0,0.4191,0.1285,0.0192,0.8946,11.76
12.0,1919.0,211.25,0.562,0.959,0.968,0.983,45.0,0.4191,0.1285,0.0192,0.8946,11.76
12.0,1920.0,211.25,0.516,0.875,0.902,0.911,45.0,0.4191,0.1285,0.0192,0.8946,11.76
12.0,1921.0,211.25,0.571,0.974,1.018,0.98,45.0,0.4191,0.1285,0.0192,0.8946,11.76
12.0,1922.0,211.25,0.623,1.095,1.121,1.097,45.0,0.4191,0.1285,0.0192,0.8946,11.76
12.0,1923.0,211.25,0.583,1.01,1.002,1.036,45.0,0.4191,0.1285,0.0192,0.8946,11.76
12.0,1924.0,211.25,0.601,1.046,1.032,1.066,45.0,0.4191,0.1285,0.0192,0.8946,11.76
12.0,1925.0,211.25,0.53,0.883,0.866,0.9,45.0,0.4191,0.1285,0.0192,0.8946,11.76
12.0,1926.0,211.25,0.622,1.069,1.1,1.074,45.0,0.4191,0.1285,0.0192,0.8946,11.76
12.0,1927.0,211.25,0.645,1.123,1.106,1.115,45.0,0.4191,0.1285,0.0192,0.8946,11.76
12.0,1928.0,211.25,0.642,1.115,1.048,1.108,55.0,0.3588,0.1625,0.0219,0.8643,11.38
12.0,1929.0,211.25,0.641,1.122,1.071,1.137,55.0,0.3588,0.1625,0.0219,0.8643,11.38
12.0,1930.0,211.25,0.571,1.029,0.975,1.051,55.0,0.3588,0.1625,0.0219,0.8643,11.38
12.0,1931.0,211.25,0.695,1.248,1.204,1.251,55.0,0.3588,0.1625,0.0219,0.8643,11.38
12.0,1932.0,211.25,0.661,1.139,1.042,1.151,55.0,0.3588,0.1625,0.0219,0.8643,11.38
12.0,1933.0,211.25,0.711,1.257,1.174,1.283,55.0,0.3588,0.1625,0.0219,0.8643,11.38
11.0,1934.0,214.273,0.595,1.01,0.863,1.004,55.0,0.3588,0.1625,0.0219,0.8643,11.38
11.0,1935.0,214.273,0.558,0.937,0.887,0.945,55.0,0.3588,0.1625,0.0219,0.8643,11.38
11.0,1936.0,214.273,0.675,1.139,1.108,1.088,55.0,0.3588,0.1625,0.0219,0.8643,11.38
11.0,1937.0,214.273,0.646,1.123,1.063,1.088,55.0,0.3588,0.1625,0.0219,0.8643,11.38
11.0,1938.0,214.273,0.698,1.195,1.139,1.191,55.0,0.3588,0.1625,0.0219,0.8643,11.38
11.0,1939.0,214.273,0.691,1.208,1.092,1.185,55.0,0.3588,0.1625,0.0219,0.8643,11.38
11.0,1940.0,214.273,0.667,1.158,1.029,1.14,55.0,0.3588,0.1625,0.0219,0.8643,11.38
11.0,1941.0,214.273,0.67,1.116,1.029,1.121,55.0,0.3588,0.1625,0.0219,0.8643,11.38
11.0,1942.0,214.273,0.621,1.015,0.955,1.03,55.0,0.3588,0.1625,0.0219,0.8643,11.38
11.0,1943.0,214.273,0.627,1.043,1.008,1.044,55.0,0.3588,0.1625,0.0219,0.8643,11.38
11.0,1944.0,214.273,0.634,1.024,0.997,1.02,55.0,0.3588,0.1625,0.0219,0.8643,11.38
11.0,1945.0,214.273,0.667,1.093,1.07,1.087,55.0,0.3588,0.1625,0.0219,0.8643,11.38
11.0,1946.0,214.273,0.64,1.064,1.044,1.083,55.0,0.3588,0.1625,0.0219,0.8643,11.38
11.0,1947.0,214.273,0.635,1.078,0.994,1.044,55.0,0.3588,0.1625,0.0219,0.8643,11.38
11.0,1948.0,214.273,0.621,1.085,1.014,1.048,55.0,0.3588,0.1625,0.0219,0.8643,11.38
11.0,1949.0,214.273,0.588,1.0,0.952,0.98,55.0,0.3588,0.1625,0.0219,0.8643,11.38
11.0,1950.0,214.273,0.573,0.984,0.952,0.954,55.0,0.3588,0.1625,0.0219,0.8643,11.38
11.0,1951.0,214.273,0.534,0.901,0.883,0.862,55.0,0.3588,0.1625,0.0219,0.8643,11.38
11.0,1952.0,214.273,0.603,1.035,1.057,0.995,55.0,0.3588,0.1625,0.0219,0.8643,11.38
11.0,1953.0,214.273,0.589,1.032,1.023,0.994,55.0,0.3387,0.1532,0.0207,0.8493,11.0
11.0,1954.0,214.273,0.572,0.995,0.975,0.972,55.0,0.3387,0.1532,0.0207,0.8493,11.0
11.0,1955.0,214.273,0.531,0.902,0.899,0.888,55.0,0.3387,0.1532,0.0207,0.8493,11.0
11.0,1956.0,214.273,0.639,1.103,1.149,1.1,55.0,0.3387,0.1532,0.0207,0.8493,11.0
11.0,1957.0,214.273,0.697,1.244,1.212,1.23,55.0,0.3387,0.1532,0.0207,0.8493,11.0
11.0,1958.0,214.273,0.634,1.122,0.996,1.106,55.0,0.3387,0.1532,0.0207,0.8493,11.0
11.0,1959.0,214.273,0.703,1.273,1.132,1.219,55.0,0.3387,0.1532,0.0207,0.8493,11.0
11.0,1960.0,214.273,0.698,1.235,1.087,1.194,55.0,0.3387,0.1532,0.0207,0.8493,11.0
11.0,1961.0,214.273,0.746,1.387,1.226,1.346,55.0,0.3387,0.1532,0.0207,0.8493,11.0
11.0,1962.0,214.273,0.655,1.176,0.98,1.154,55.0,0.3387,0.1532,0.0207,0.8493,11.0
11.0,1963.0,214.273,0.635,1.13,0.993,1.122,55.0,0.3387,0.1532,0.0207,0.8493,11.0
11.0,1964.0,214.273,0.547,0.948,0.832,0.911,55.0,0.3387,0.1532,0.0207,0.8493,11.0
11.0,1965.0,214.273,0.623,1.103,1.065,1.055,55.0,0.3387,0.1532,0.0207,0.8493,11.0
11.0,1966.0,214.273,0.533,0.902,0.88,0.884,55.0,0.3387,0.1532,0.0207,0.8493,11.0
11.0,1967.0,214.273,0.536,0.946,0.963,0.929,55.0,0.3387,0.1532,0.0207,0.8493,11.0
11.0,1968.0,214.273,0.422,0.808,0.834,0.784,55.0,0.3387,0.1532,0.0207,0.8493,11.0
11.0,1969.0,214.273,0.565,0.976,1.038,0.94,55.0,0.3387,0.1532,0.0207,0.8493,11.0
11.0,1970.0,214.273,0.563,1.021,1.059,0.993,55.0,0.3387,0.1532,0.0207,0.8493,11.0
11.0,1971.0,214.273,0.502,0.885,0.901,0.888,55.0,0.3387,0.1532,0.0207,0.8493,11.0
11.0,1972.0,214.273,0.555,0.974,1.004,0.96,55.0,0.3387,0.1532,0.0207,0.8493,11.0
11.0,1973.0,214.273,0.578,1.016,1.026,0.989,55.0,0.3387,0.1532,0.0207,0.8493,11.0
11.0,1974.0,214.273,0.458,0.828,0.823,0.811,55.0,0.3387,0.1532,0.0207,0.8493,11.0
11.0,1975.0,214.273,0.511,0.901,0.966,0.89,55.0,0.3387,0.1532,0.0207,0.8493,11.0
11.0,1976.0,214.273,0.47,0.794,0.861,0.781,55.0,0.3387,0.1532,0.0207,0.8493,11.0
11.0,1977.0,214.273,0.638,1.156,1.227,1.12,55.0,0.3387,0.1532,0.0207,0.8493,11.0
11.0,1978.0,214.273,0.605,1.111,1.044,1.048,55.0,0.3387,0.1532,0.0207,0.8493,11.0
11.0,1979.0,214.273,0.658,1.21,1.129,1.172,55.0,0.3387,0.1532,0.0207,0.8493,11.0
11.0,1980.0,214.273,0.512,0.914,0.812,0.889,55.0,0.3387,0.1532,0.0207,0.8493,11.0
11.0,1981.0,214.273,0.46,0.858,0.888,0.88,55.0,0.3387,0.1532,0.0207,0.8493,11.0
11.0,1982.0,214.273,0.607,1.099,1.152,1.084,55.0,0.3387,0.1532,0.0207,0.8493,11.0
11.0,1983.0,214.273,0.624,1.125,1.096,1.105,55.0,0.3387,0.1532,0.0207,0.8493,11.0
11.0,1984.0,214.273,0.609,1.097,1.049,1.107,55.0,0.3387,0.1532,0.0207,0.8493,11.0
11.0,1985.0,214.273,0.587,1.026,0.997,1.06,55.0,0.3387,0.1532,0.0207,0.8493,11.0
11.0,1986.0,214.273,0.6,1.108,1.068,1.113,55.0,0.3387,0.1532,0.0207,0.8493,11.0
11.0,1987.0,214.273,0.603,1.067,1.015,1.072,55.0,0.3387,0.1532,0.0207,0.8493,11.0
11.0,1988.0,214.273,0.585,0.988,0.984,1.035,55.0,0.3387,0.1532,0.0207,0.8493,11.0
11.0,1989.0,214.273,0.628,1.092,1.093,1.121,55.0,0.3387,0.1532,0.0207,0.8493,11.0
11.0,1990.0,214.273,0.655,1.192,1.125,1.18,55.0,0.3387,0.1532,0.0207,0.8493,11.0
11.0,1991.0,214.273,0.669,1.229,1.118,1.213,55.0,0.3387,0.1532,0.0207,0.8493,11.0
11.0,1992.0,214.273,0.618,1.108,0.983,1.102,55.0,0.3387,0.1532,0.0207,0.8493,11.0
11.0,1993.0,214.273,0.485,0.814,0.749,0.832,55.0,0.3387,0.1532,0.0207,0.8493,11.0
11.0,1994.0,214.273,0.559,0.968,1.013,0.968,55.0,0.3387,0.1532,0.0207,0.8493,11.0
11.0,1995.0,214.273,0.444,0.707,0.839,0.794,55.0,0.3387,0.1532,0.0207,0.8493,11.0
11.0,1996.0,214.273,0.544,0.976,1.067,0.981,55.0,0.3387,0.1532,0.0207,0.8493,11.0
10.0,1997.0,225.6,0.446,0.805,0.849,0.801,55.0,0.3387,0.1532,0.0207,0.8493,11.0
